new Boston,did,subpartof,North American,1
Boston,is the only state capital in,contiguous United States,3
Boston,is a clunker of,monumental proportion,3
Jim Masdea,would become,objectfoundinscene,Boston,2
colony ship,bearing,ismultipleof,Boston,2
Scholz,introduced,synonymfor,new Boston,2
Boston,became,proxyfor,abolitionist movement,1
Boston,boomed after,economic downturn,3
Boston,had become,proxyfor,distinct immigrants,1
Boston,would open with,Roll Band,1
giant pipe organ,is known to,Boston,2
East Boston,is,proxyfor,North End,1
Boston,was the largest town in,British North America,3
Boston,responded by initiating,various urban renewal,3
Boston North Carolina,named,organizationhiredperson,Tommy DeCarlo,2
other person,signed as,Boston,4
Boston,accepted on,March 4 1822,3
last with Boston,was performed on,November 13,4
Singer Brad Delp,for helping to create,Boston,4
north toward,was,cityalsoknownas,Boston,2
Sib Hashian,refused to go with,other Boston,4
first public,was founded in,Boston,2
35000 Irish,lived in,ismultipleof,Boston,2
Irish,have played,Boston,1
Boston,remained Until,20th century,3
band,was named,Boston,1
Boston,embarked on,Heaven on Earth Tour,3
Charles River,separates,Boston,1
Boston,voted to change,official name,3
Boston,is,proxyfor,5.8 m above sea,1
Boston,crashing through,rock,3
Boston City Hall,is simply,example,1
Boston Public Improvement Commission PIC,is the owner and regulator of,City,4
Boston,accepted,charter,1
charter,incorporating,mutualproxyfor,Boston,1
last with Boston,was performed at,concert,4
last with Boston,was performed at,Boston Symphony Hall,4
Boston,had become By,19th century,3
Bay Boston,is,proxyfor,Back,2
Boston,ranks,high,1
Boston,measured at,Logan International Airport,3
free BostonGlobe.com,will stop After,free trial period,4
Delp,recorded on,third Boston,3
Boston,voted to change to,City of Boston,3
Boston long,helped After,Revolution,4
Boston,is,proxyfor,brutal,1
