Lots Of Used Ones,Want,Fisker Karma,2
Aston Martin,to establish,Company Henrik Fisker,1
Company Henrik Fisker,shut down,production,1
Anaheim California Henrik Fisker,became,proxyfor,Executive Chairman,1
Company Henrik Fisker,hired In,March,3
Company Henrik Fisker,filed On,November 22,3
Insurer XL Insurance America,was sued by,Fisker,4
Fisker Automotive,will be renamed,Elux,4
Company Henrik Fisker,diverted to,History Fisker Karma,4
Anaheim California Henrik Fisker,sat on,board,1
Company Henrik Fisker,announced In,April 2012,3
Company Henrik Fisker,claimed in,December 2012,3
2012 Fisker Karma Aero L 39 Albatros,were,agentparticipatedinevent,2012 models,2
Fisker Karma,comes with,agentinvolvedwithitem,small gasoline engine,2
Ray Lane,is  investor  of,Fisker,3
Fisker,announced On,October 27,3
Henrik Fisker,resurfaced,Last fall,4
History Fisker Karma,was announced in,January 2008,3
TheNewFisker.com,has been using,company,2
Project Nina,was revealed as,Fisker Atlantic,4
Fisker Automotive,has appointed In,effort,3
Company Henrik Fisker,laid off,agentparticipatedinevent,75 %,2
Fisker Automotive,was an early rival of,Tesla Motors Inc,3
Tesla,to pay,subpartoforganization,Company Henrik Fisker,1
Fisker Karma,hybrid,producesproduct,electric car,1
design work,done by,Company Henrik Fisker,1
Company Henrik Fisker,hired,agentcontrols,law firm,1
Company Henrik Fisker,suspended,specializationof,later,1
Henrik Fisker,is  designer  of,Danish,3
Fisker Tramanto,utilized,power trains,2
plug in hybrid,returns,Fisker Automotive,1
Company Henrik Fisker,diverted,ideas,1
Company Henrik Fisker,expects to invest,re,3
Company Henrik Fisker,laid off On,April 5,3
cars cars,built before,Fisker,3
business,gave to,Fisker Automotive,1
Henrik Fisker,designed,specializationof,Karma,1
TheNewFisker.com,is,locationlocatedwithinlocation,active,1
EST,to rebrand,Fisker,3
Company Henrik Fisker,received in,agentcollaborateswithagent,September 2009,1
