Isaac Newton,wrote a treatise expounding,De Analysi own wider,4
Isaac Newton,saw,agentinvolvedwithitem,apple fall,2
Isaac Newton,became,proxyfor,public figure,2
Isaac Newton,studied,modern theologians,2
Isaac Newton,spent two years concentrating on,problems in mathematics,4
royal decree,excusing,Isaac Newton,4
Newton,became,proxyfor,Sir Isaac,1
Isaac Newton Life In 1642,was born,year Galileo,2
Isaac Newton,was knighted by,Queen Anne,1
Isaac Newton Life In 1642,was born on,Christmas Day,3
Isaac Newton,studied at,great length,2
great,approached,hassibling,Isaac Newton,1
Isaac Newton Life In 1642,was born in,statelocatedincountry,Woolsthorpe Lincolnshire England,2
Isaac Newton,wrote,treatise,1
Isaac Newton,saw in,Lincolnshire,1
Isaac Newton,spent,agentcontrols,two years,1
