Trains,arrive in,Mumbai,1
Bambai Mumbai,is called,organizationhiredperson,capital of India,2
modern water supply,was started in,Bombay Mumbai,4
business process,outsourcing in,Mumbai,1
History of Bombay Mumbai,married,specializationof,Princess Catherine de Braganza,2
Bombay Mumbai,has become,proxyfor,melting pot,1
Most people,travel in,ismultipleof,Mumbai,1
History of Bombay Mumbai,is known as,synonymfor,Mumbai,1
Mumbai,is divided over,one man,3
Mumbai Pages,are in,ismultipleof,alphabetical order Raju Bathija,2
main road,running in,Navi Mumbai,1
Taxi Meter Card,issued by,Mumbai Traffic Police,2
Locals in Mumbai,can manage to,speak in broken English,4
Mumbai,can be because,poor driver discipline,4
Mumbai Central,is,proxyfor,important Terminus,2
name,was changed to,synonymfor,Bambai Mumbai,1
Jews of Mumbai,lived In,area,3
Bombay Mumbai,provides to realize,one s,4
Nitasha Natu A Mumbai Police,is on,proxyfor,way,1
Bombay Mumbai A Melting Pot,is about,specializationof,10 millions,2
Helioscabs.com BookCab,have,subpartof,Mumbai,2
Religious Edit Mumbai,reflecting,diversity,3
Edit Mumbai,has,agentcollaborateswithagent,concrete jungle,2
Siddhivinayak Mumbai,is,proxyfor,famous,1
Locals in Mumbai,can manage to speak in,English,3
TNN,launched in,Navi Mumbai,1
Domestic Terminal 1B Mumbai,BOM ICAO,VABB,4
