vaccination,seen from,point of view,1
anthrax scare,has,proxyfor,vaccinations,2
Vaccination,includes,specializationof,various ways,2
parent,is considering,vaccination for Mary Bove,1
modern vaccination,allow,specializationof,exemptions for people,2
Vaccination,are used interchangeably,Many times,4
chronic conditions,may have,bacteriaisthecausativeagentofphysiologicalcondition,special vaccination,1
prior vaccination,required for,year rabies,2
1853 law,required,agentcreated,vaccination against,2
public health intervention,aimed at,vaccination,2
folks,advocating,vaccinations,3
